,0
0,http://www.w3.org/TR/xhtml1/XHD/xhtml1-transitional.dtd
1,http://www.w3.org/1999/xhtml
2,http://www.cntour.cn
3,http://cntour.cn
4,http://www.cntour.cn/usercenter/reg.aspx
5,http://www.cntour.cn/usercenter/default.aspx
6,http://www.cntour.cn/usercenter/login.aspx?act=out
7,http://www.cntour.cn/usercenter/travels/travels.aspx
8,"http://www.cntour.cn/','中国旅游网');"
9,http://www.cntour.cn/')
10,http://gift.cntour.cn/
11,http://www.cntour.cn/
12,http://bj.cntour.cn/
13,http://tj.cntour.cn/
14,http://he.cntour.cn/
15,http://sx.cntour.cn/
16,http://nmg.cntour.cn/
17,http://sh.cntour.cn/
18,http://zj.cntour.cn/
19,http://fj.cntour.cn/
20,http://js.cntour.cn/
21,http://sd.cntour.cn/
22,http://ah.cntour.cn/
23,http://gd.cntour.cn/
24,http://gx.cntour.cn/
25,http://hi.cntour.cn/
26,http://hk.cntour.cn/
27,http://mc.cntour.cn/
28,http://tw.cntour.cn/
29,http://ha.cntour.cn/
30,http://hb.cntour.cn/
31,http://jx.cntour.cn/
32,http://hn.cntour.cn/
33,http://ln.cntour.cn/
34,http://jl.cntour.cn/
35,http://hlj.cntour.cn/
36,http://gs.cntour.cn/
37,http://sn.cntour.cn/
38,http://qh.cntour.cn/
39,http://nx.cntour.cn/
40,http://xj.cntour.cn/
41,http://cq.cntour.cn/
42,http://sc.cntour.cn/
43,http://yn.cntour.cn/
44,http://gz.cntour.cn/
45,http://xz.cntour.cn/
46,http://us.cntour.cn/
47,http://de.cntour.cn/
48,http://fr.cntour.cn/
49,http://uk.cntour.cn/
50,http://kr.cntour.cn/
51,http://jp.cntour.cn/
52,http://www.cntour.cn/news/list.aspx
53,http://mudidi.cntour.cn/cid00/
54,http://www.cntour.cn/news/list.aspx
55,http://mudidi.cntour.cn/cid00/
56,http://trip.cntour.cn/line/list.aspx
57,http://piao.cntour.cn/list-0-0-0.html
58,http://travel.cntour.cn/
59,http://www.cntour.cn/mall/list.aspx
60,http://www.cntour.cn/
61,http://www.cntour.cn/line/default.aspx
62,http://www.cntour.cn/domestic/237/
63,http://www.cntour.cn/abroad/237/
64,http://www.cntour.cn/around/237/
65,http://www.cntour.cn/package/237/
66,http://www.cntour.cn/Special.aspx?cid=237
67,http://www.cntour.cn/team/237/
68,http://hotel.cntour.cn/flight/default.aspx
69,http://hotel.cntour.cn/
70,http://tuan.cntour.cn/
71,http://piao.cntour.cn/
72,http://www.cntour.cn/food/list-10.html
73,http://mudidi.cntour.cn/
74,http://travel.cntour.cn/
75,http://www.cntour.cn/mall/default.aspx
76,http://www.cntour.cn/Special/
77,http://www.cntour.cn/meeting/list.aspx?mid=5
78,http://www.cntour.cn/photo/list.aspx?mid=4
79,http://www.cntour.cn/agricola/list.aspx?mid=12
80,http://www.cntour.cn/golf/list.aspx?mid=15
81,http://visa.cntour.cn/
82,http://car.cntour.cn/
83,http://daoyou.cntour.cn/
84,http://www.cntour.cn/news/13838/
85,http://www.cntour.cn/line/default.aspx
86,http://www.cntour.cn/around/237/
87,http://www.jhly.cn/zt/2018/dibai/
88,http://www.cntour.cn/news/list.aspx?tid=50
89,http://www.cntour.cn/news/list.aspx?tid=52
90,http://www.cntour.cn/news/list.aspx?tid=51
91,http://www.cntour.cn/news/list.aspx?tid=10
92,http://www.cntour.cn/news/list.aspx?tid=9
93,http://www.cntour.cn/news/list.aspx?tid=54
94,http://www.cntour.cn/news/list.aspx?tid=24
95,http://www.cntour.cn/news/list.aspx?tid=7
96,http://www.cntour.cn/news/list.aspx?tid=29
97,http://www.cntour.cn/news/list.aspx?tid=15
98,http://www.cntour.cn/news/list.aspx?tid=16
99,http://www.cntour.cn/news/list.aspx?tid=25
100,http://www.cntour.cn/video/list.aspx?tid=23
101,http://www.cntour.cn/news/list.aspx?tid=71
102,http://www.cntour.cn/news/list.aspx?tid=6
103,http://www.cntour.cn/news/list.aspx?tid=4
104,http://www.cntour.cn/news/list.aspx?tid=53
105,http://www.cntour.cn/news/list.aspx?tid=75
106,http://www.cntour.cn/news/list.aspx?tid=55
107,http://www.cntour.cn/news/list.aspx?tid=20
108,http://www.cntour.cn/news/list.aspx?tid=21
109,http://www.cntour.cn/news/list.aspx?tid=30
110,http://www.cntour.cn/news/list.aspx?tid=17
111,http://www.cntour.cn/news/list.aspx?tid=31
112,http://www.cntour.cn/news/list.aspx?tid=14
113,http://www.cntour.cn/travelpic/list.aspx?tid=56
114,http://www.cntour.cn/news/14956/
115,http://www.cntour.cn/news/10693/
116,http://www.cntour.cn/news/9681/
117,http://www.cntour.cn/news/8681/
118,http://www.cntour.cn/news/8679/
119,http://www.cntour.cn/news/8678/
120,http://www.cntour.cn/news/8677/
121,http://www.cntour.cn/news/8676/
122,http://www.cntour.cn/news/4847/
123,http://www.cntour.cn/news/list.aspx?tid=50
124,http://www.cntour.cn/news/20087/
125,http://www.cntour.cn/news/20087/
126,http://www.cntour.cn/news/21095/
127,http://www.cntour.cn/news/21094/
128,http://www.cntour.cn/news/20090/
129,http://www.cntour.cn/news/20089/
130,http://www.cntour.cn/news/20087/
131,http://www.cntour.cn/news/19079/
132,http://www.cntour.cn/news/19078/
133,http://www.cntour.cn/news/19068/
134,http://www.cntour.cn/news/19063/
135,http://www.cntour.cn/news/19058/
136,http://www.cntour.cn/news/18056/
137,http://www.cntour.cn/news/20092/
138,http://www.cntour.cn/news/20092/
139,http://www.cntour.cn/news/21099/
140,http://www.cntour.cn/news/21097/
141,http://www.cntour.cn/news/21096/
142,http://www.cntour.cn/news/21093/
143,http://www.cntour.cn/news/20093/
144,http://www.cntour.cn/news/20091/
145,http://www.cntour.cn/news/20088/
146,http://www.cntour.cn/news/20085/
147,http://www.cntour.cn/news/20084/
148,http://www.cntour.cn/news/20082/
149,http://www.cntour.cn/news/19083/
150,http://www.cntour.cn/news/21098/
151,http://www.cntour.cn/news/20081/
152,http://www.cntour.cn/news/19074/
153,http://www.cntour.cn/news/19069/
154,http://www.cntour.cn/news/14988/
155,http://www.cntour.cn/news/14987/
156,http://www.cntour.cn/news/14977/
157,http://www.cntour.cn/news/14970/
158,http://www.cntour.cn/news/14965/
159,http://www.cntour.cn/news/14943/
160,http://www.cntour.cn/news/13916/
161,http://www.cntour.cn/news/13907/
162,http://www.cntour.cn/news/20083/
163,http://www.cntour.cn/news/19077/
164,http://www.cntour.cn/news/19067/
165,http://www.cntour.cn/news/19066/
166,http://www.cntour.cn/news/15008/
167,http://www.cntour.cn/news/14991/
168,http://www.cntour.cn/news/14974/
169,http://www.cntour.cn/news/13925/
170,http://www.cntour.cn/news/13924/
171,http://www.cntour.cn/news/13796/
172,http://www.cntour.cn/news/12721/
173,http://www.cntour.cn/news/9689/
174,http://www.cntour.cn/news/9680/
175,http://www.cntour.cn/news/7672/
176,http://hotel.cntour.cn/list-tid00-cid00-0.html
177,http://www.caapa.org/index.php?m=activity&a=exhibition&type=sh
178,http://www.yi-fair.com/
179,http://www.caapa.org/
180,http://www.gitf.com.cn/
181,http://www.chf163.com/
182,https://www.jeep.com.cn/index.html
183,http://www.xmxbh.com.cn/
184,http://www.cmt-china.com.cn/
185,http://www.cntour.cn/news/13838/
186,http://bj.cntour.cn/
187,http://tj.cntour.cn/
188,http://he.cntour.cn/
189,http://sx.cntour.cn/
190,http://nmg.cntour.cn/
191,http://tuan.cntour.cn/team/
192,http://tuan.cntour.cn/61/
193,http://tuan.cntour.cn/64/
194,http://tuan.cntour.cn/67/
195,http://tuan.cntour.cn/68/
196,http://tuan.cntour.cn/69/
197,http://tuan.cntour.cn/71/
198,http://sh.cntour.cn/
199,http://zj.cntour.cn/
200,http://fj.cntour.cn/
201,http://js.cntour.cn/
202,http://sd.cntour.cn/
203,http://ah.cntour.cn/
204,http://www.cntour.cn/news/list.aspx?tid=5
205,http://www.cntour.cn/news/list.aspx?tid=51
206,http://www.cntour.cn/news/list.aspx?tid=75
207,http://www.cntour.cn/news/list.aspx?tid=4
208,http://www.cntour.cn/news/15005/
209,http://www.cntour.cn/news/13859/
210,http://www.cntour.cn/news/13742/
211,http://www.cntour.cn/news/13723/
212,http://www.cntour.cn/news/11708/
213,http://www.cntour.cn/news/15005/
214,http://www.cntour.cn/news/13859/
215,http://www.cntour.cn/news/13742/
216,http://www.cntour.cn/news/13723/
217,http://www.cntour.cn/news/11708/
218,http://www.cntour.cn/news/15006/
219,http://www.cntour.cn/news/14936/
220,http://www.cntour.cn/news/13737/
221,http://www.cntour.cn/news/13736/
222,http://www.cntour.cn/news/13733/
223,http://www.cntour.cn/news/15006/
224,http://www.cntour.cn/news/14936/
225,http://www.cntour.cn/news/13737/
226,http://www.cntour.cn/news/13736/
227,http://www.cntour.cn/news/13733/
228,http://www.cntour.cn/news/13741/
229,http://www.cntour.cn/news/6560/
230,http://www.cntour.cn/news/3502/
231,http://www.cntour.cn/news/3270/
232,http://www.cntour.cn/news/2316/
233,http://www.cntour.cn/news/13741/
234,http://www.cntour.cn/news/6560/
235,http://www.cntour.cn/news/3502/
236,http://www.cntour.cn/news/3270/
237,http://www.cntour.cn/news/2316/
238,http://www.cntour.cn/news/13740/
239,http://www.cntour.cn/news/13739/
240,http://www.cntour.cn/news/13738/
241,http://www.cntour.cn/news/13729/
242,http://www.cntour.cn/news/7632/
243,http://www.cntour.cn/news/13740/
244,http://www.cntour.cn/news/13739/
245,http://www.cntour.cn/news/13738/
246,http://www.cntour.cn/news/13729/
247,http://www.cntour.cn/news/7632/
248,http://www.cntour.cn/news/list.aspx?tid=6
249,http://www.cntour.cn/news/17045/
250,http://www.cntour.cn/news/19080/
251,http://www.cntour.cn/news/19072/
252,http://www.cntour.cn/news/17045/
253,http://www.cntour.cn/news/17037/
254,http://www.cntour.cn/news/15032/
255,http://www.cntour.cn/news/15027/
256,http://www.cntour.cn/news/4407/
257,http://www.cntour.cn/news/4406/
258,http://www.cntour.cn/news/4405/
259,http://www.cntour.cn/news/4404/
260,http://www.cntour.cn/news/4403/
261,http://www.cntour.cn/news/4402/
262,http://www.cntour.cn/news/4401/
263,http://www.cntour.cn/news/4400/
264,http://www.cntour.cn/news/4399/
265,http://www.cntour.cn/news/4398/
266,http://www.cntour.cn/news/4397/
267,http://www.cntour.cn/news/4396/
268,http://www.cntour.cn/news/4395/
269,http://www.cntour.cn/news/4394/
270,http://www.cntour.cn/news/4393/
271,http://www.cntour.cn/news/4392/
272,http://www.cntour.cn/news/4391/
273,http://www.cntour.cn/news/4390/
274,http://www.cntour.cn/news/4389/
275,http://www.cntour.cn/news/4388/
276,http://www.cntour.cn/news/4387/
277,http://www.cntour.cn/news/4386/
278,http://www.cntour.cn/news/4385/
279,http://www.cntour.cn/news/4384/
280,http://www.cntour.cn/news/4383/
281,http://www.cntour.cn/news/4382/
282,http://www.cntour.cn/news/4381/
283,http://www.cntour.cn/news/4380/
284,http://www.cntour.cn/news/4379/
285,http://www.cntour.cn/news/306/
286,http://gd.cntour.cn/
287,http://gx.cntour.cn/
288,http://hi.cntour.cn/
289,http://hk.cntour.cn/
290,http://mc.cntour.cn/
291,http://tw.cntour.cn/
292,http://www.cntour.cn/line/list.aspx?cid=237&tid=domestic&dpid=69&did=beijing
293,http://www.cntour.cn/line/list.aspx?cid=237&tid=domestic&dpid=122&did=shamen
294,http://www.cntour.cn/line/list.aspx?cid=237&tid=domestic&dpid=96&did=zhangjiajie
295,http://www.cntour.cn/line/list.aspx?cid=237&tid=domestic&dpid=75&did=guilin
296,http://www.cntour.cn/line/list.aspx?cid=237&tid=domestic&dpid=117&did=rikaze
297,http://www.cntour.cn/line/list.aspx?cid=237&tid=domestic&dpid=127&did=xian
298,http://www.cntour.cn/line/list.aspx?cid=237&tid=domestic&dpid=111&did=112
299,http://www.cntour.cn/line/list.aspx?cid=237&tid=domestic&dpid=133&did=134
300,http://www.cntour.cn/line/list.aspx?cid=237&tid=domestic&dpid=122&did=124
301,http://www.cntour.cn/line/list.aspx?cid=237&tid=domestic&dpid=133&did=135
302,http://www.cntour.cn/line/list.aspx?cid=237&tid=domestic&dpid=127&did=129
303,http://www.cntour.cn/line/list.aspx?cid=237&tid=domestic&dpid=111&did=113
304,http://www.cntour.cn/line/list.aspx?cid=237&tid=domestic&dpid=117&did=budalagong
305,http://www.cntour.cn/line/list.aspx?cid=237&tid=domestic&dpid=75&did=77
306,http://www.cntour.cn/line/list.aspx?cid=237&tid=domestic&dpid=96&did=98
307,http://www.cntour.cn/line/list.aspx?cid=237&tid=domestic&dpid=0&did=chizhou
308,http://www.cntour.cn/line/list.aspx?cid=237&tid=domestic&dpid=111&did=kaifeng
309,http://www.cntour.cn/line/list.aspx?cid=237&tid=domestic&dpid=75&did=beihai
310,http://www.cntour.cn/line/list.aspx?cid=237&tid=domestic&dpid=96&did=99
311,http://www.cntour.cn/line/list.aspx?cid=237&tid=domestic&dpid=117&did=120
312,http://www.cntour.cn/line/list.aspx?cid=237&tid=domestic&dpid=122&did=125
313,http://www.cntour.cn/line/list.aspx?cid=237&tid=domestic&dpid=127&did=130
314,http://www.cntour.cn/line/list.aspx?cid=237&tid=domestic&dpid=133&did=wuyuan
315,http://www.cntour.cn/line/list.aspx?cid=237&tid=domestic&dpid=133&did=137
316,http://www.cntour.cn/line/list.aspx?cid=237&tid=domestic&dpid=127&did=131
317,http://www.cntour.cn/line/list.aspx?cid=237&tid=domestic&dpid=122&did=126
318,http://www.cntour.cn/line/list.aspx?cid=237&tid=domestic&dpid=111&did=dengfengshi
319,http://www.cntour.cn/line/list.aspx?cid=237&tid=domestic&dpid=96&did=100
320,http://www.cntour.cn/line/list.aspx?cid=237&tid=domestic&dpid=75&did=nanning
321,http://www.cntour.cn/line/list.aspx?cid=237&tid=domestic&dpid=117&did=lasa
322,http://www.cntour.cn/line/list.aspx?cid=237&tid=domestic&dpid=111&did=luoyang
323,http://www.cntour.cn/line/list.aspx?cid=237&tid=domestic&dpid=96&did=changsha
324,http://www.cntour.cn/line/list.aspx?cid=237&tid=domestic&dpid=75&did=80
325,http://www.cntour.cn/line/list.aspx?cid=237&tid=domestic&dpid=127&did=132
326,http://www.cntour.cn/line/list.aspx?cid=237&tid=domestic&dpid=96&did=102
327,http://trip.cntour.cn/450/
328,http://trip.cntour.cn/450/
329,http://trip.cntour.cn/450/
330,http://trip.cntour.cn/451/
331,http://trip.cntour.cn/451/
332,http://trip.cntour.cn/451/
333,http://trip.cntour.cn/453/
334,http://trip.cntour.cn/453/
335,http://trip.cntour.cn/453/
336,http://trip.cntour.cn/455/
337,http://trip.cntour.cn/455/
338,http://trip.cntour.cn/455/
339,http://trip.cntour.cn/456/
340,http://trip.cntour.cn/457/
341,http://trip.cntour.cn/458/
342,http://trip.cntour.cn/459/
343,http://trip.cntour.cn/461/
344,http://trip.cntour.cn/493/
345,http://trip.cntour.cn/509/
346,http://trip.cntour.cn/510/
347,http://trip.cntour.cn/516/
348,http://trip.cntour.cn/517/
349,http://www.cntour.cn/line/list.aspx?cid=237&tid=abroad&dpid=nanya&did=nepal
350,http://www.cntour.cn/line/list.aspx?cid=237&tid=abroad&dpid=europe&did=france
351,http://www.cntour.cn/line/list.aspx?cid=237&tid=abroad&dpid=africa&did=egypt
352,http://www.cntour.cn/line/list.aspx?cid=237&tid=abroad&dpid=americas&did=united_states_of_america
353,http://www.cntour.cn/line/list.aspx?cid=237&tid=abroad&dpid=aoxin&did=australia
354,http://www.cntour.cn/line/list.aspx?cid=237&tid=abroad&dpid=gangaotai&did=taiwan
355,http://www.cntour.cn/line/list.aspx?cid=237&tid=abroad&dpid=dongnanya&did=139
356,http://www.cntour.cn/line/list.aspx?cid=237&tid=abroad&dpid=japan&did=152
357,http://www.cntour.cn/line/list.aspx?cid=237&tid=abroad&dpid=korea&did=156
358,http://www.cntour.cn/line/list.aspx?cid=237&tid=abroad&dpid=korea&did=157
359,http://www.cntour.cn/line/list.aspx?cid=237&tid=abroad&dpid=japan&did=153
360,http://www.cntour.cn/line/list.aspx?cid=237&tid=abroad&dpid=dongnanya&did=140
361,http://www.cntour.cn/line/list.aspx?cid=237&tid=abroad&dpid=gangaotai&did=xianggang
362,http://www.cntour.cn/line/list.aspx?cid=237&tid=abroad&dpid=americas&did=canada
363,http://www.cntour.cn/line/list.aspx?cid=237&tid=abroad&dpid=aoxin&did=new_zealand
364,http://www.cntour.cn/line/list.aspx?cid=237&tid=abroad&dpid=africa&did=south_africa
365,http://www.cntour.cn/line/list.aspx?cid=237&tid=abroad&dpid=europe&did=italy
366,http://www.cntour.cn/line/list.aspx?cid=237&tid=abroad&dpid=dongnanya&did=singapore
367,http://www.cntour.cn/line/list.aspx?cid=237&tid=abroad&dpid=europe&did=britain
368,http://www.cntour.cn/line/list.aspx?cid=237&tid=abroad&dpid=aoxin&did=fiji
369,http://www.cntour.cn/line/list.aspx?cid=237&tid=abroad&dpid=americas&did=columbia
370,http://www.cntour.cn/line/list.aspx?cid=237&tid=abroad&dpid=gangaotai&did=aomen
371,http://www.cntour.cn/line/list.aspx?cid=237&tid=abroad&dpid=japan&did=154
372,http://www.cntour.cn/line/list.aspx?cid=237&tid=abroad&dpid=africa&did=184
373,http://www.cntour.cn/line/list.aspx?cid=237&tid=abroad&dpid=americas&did=180
374,http://www.cntour.cn/line/list.aspx?cid=237&tid=abroad&dpid=europe&did=switzerland
375,http://www.cntour.cn/line/list.aspx?cid=237&tid=abroad&dpid=dongnanya&did=thailand
376,http://www.cntour.cn/line/list.aspx?cid=237&tid=abroad&dpid=africa&did=turkey
377,http://www.cntour.cn/line/list.aspx?cid=237&tid=abroad&dpid=europe&did=germany
378,http://www.cntour.cn/line/list.aspx?cid=237&tid=abroad&dpid=dongnanya&did=cambodia
379,http://www.cntour.cn/line/list.aspx?cid=237&tid=abroad&dpid=africa&did=kenya
380,http://www.cntour.cn/line/list.aspx?cid=237&tid=abroad&dpid=europe&did=austria
381,http://www.cntour.cn/line/list.aspx?cid=237&tid=abroad&dpid=africa&did=israel
382,http://www.cntour.cn/line/list.aspx?cid=237&tid=abroad&dpid=dongnanya&did=malaysia
383,http://www.cntour.cn/line/list.aspx?cid=237&tid=abroad&dpid=dongnanya&did=vietnam
384,http://www.cntour.cn/line/list.aspx?cid=237&tid=abroad&dpid=europe&did=spain
385,http://www.cntour.cn/line/list.aspx?cid=237&tid=abroad&dpid=dongnanya&did=146
386,http://www.cntour.cn/line/list.aspx?cid=237&tid=abroad&dpid=europe&did=ireland
387,http://www.cntour.cn/line/list.aspx?cid=237&tid=abroad&dpid=dongnanya&did=philippines
388,http://www.cntour.cn/line/list.aspx?cid=237&tid=abroad&dpid=europe&did=russia
389,http://www.cntour.cn/line/list.aspx?cid=237&tid=abroad&dpid=dongnanya&did=148
390,http://trip.cntour.cn/465/
391,http://trip.cntour.cn/465/
392,http://trip.cntour.cn/465/
393,http://trip.cntour.cn/466/
394,http://trip.cntour.cn/466/
395,http://trip.cntour.cn/466/
396,http://trip.cntour.cn/467/
397,http://trip.cntour.cn/467/
398,http://trip.cntour.cn/467/
399,http://trip.cntour.cn/468/
400,http://trip.cntour.cn/468/
401,http://trip.cntour.cn/468/
402,http://trip.cntour.cn/470/
403,http://trip.cntour.cn/471/
404,http://trip.cntour.cn/472/
405,http://trip.cntour.cn/473/
406,http://trip.cntour.cn/474/
407,http://trip.cntour.cn/475/
408,http://trip.cntour.cn/476/
409,http://trip.cntour.cn/477/
410,http://trip.cntour.cn/478/
411,http://trip.cntour.cn/520/
412,http://www.cntour.cn/line/list.aspx?cid=237&tid=around&dpid=chengshi&did=beijing
413,http://www.cntour.cn/line/list.aspx?cid=237&tid=around&dpid=shanxi&did=taiyuan
414,http://www.cntour.cn/line/list.aspx?cid=237&tid=around&dpid=renwen&did=33
415,http://www.cntour.cn/line/list.aspx?cid=237&tid=around&dpid=haibin&did=43
416,http://www.cntour.cn/line/list.aspx?cid=237&tid=around&dpid=jiaoyou&did=44
417,http://www.cntour.cn/line/list.aspx?cid=237&tid=around&dpid=renwen&did=gugong
418,http://www.cntour.cn/line/list.aspx?cid=237&tid=around&dpid=chengshi&did=tianjin
419,http://www.cntour.cn/line/list.aspx?cid=237&tid=around&dpid=chengshi&did=chengde
420,http://www.cntour.cn/line/list.aspx?cid=237&tid=around&dpid=renwen&did=35
421,http://www.cntour.cn/line/list.aspx?cid=237&tid=around&dpid=shanxi&did=48
422,http://www.cntour.cn/line/list.aspx?cid=237&tid=around&dpid=shanxi&did=49
423,http://www.cntour.cn/line/list.aspx?cid=237&tid=around&dpid=renwen&did=badalingchangcheng
424,http://www.cntour.cn/line/list.aspx?cid=237&tid=around&dpid=chengshi&did=meitougou
425,http://www.cntour.cn/line/list.aspx?cid=237&tid=around&dpid=chengshi&did=pingguqu
426,http://www.cntour.cn/line/list.aspx?cid=237&tid=around&dpid=renwen&did=yiheyuan
427,http://www.cntour.cn/line/list.aspx?cid=237&tid=around&dpid=shanxi&did=50
428,http://www.cntour.cn/line/list.aspx?cid=237&tid=around&dpid=shanxi&did=51
429,http://www.cntour.cn/line/list.aspx?cid=237&tid=around&dpid=renwen&did=38
430,http://www.cntour.cn/line/list.aspx?cid=237&tid=around&dpid=chengshi&did=25
431,http://www.cntour.cn/line/list.aspx?cid=237&tid=around&dpid=shanxi&did=52
432,http://www.cntour.cn/line/list.aspx?cid=237&tid=around&dpid=renwen&did=39
433,http://www.cntour.cn/line/list.aspx?cid=237&tid=around&dpid=renwen&did=40
434,http://www.cntour.cn/line/list.aspx?cid=237&tid=around&dpid=shanxi&did=53
435,http://www.cntour.cn/line/list.aspx?cid=237&tid=around&dpid=chengshi&did=306
436,http://www.cntour.cn/line/list.aspx?cid=237&tid=around&dpid=haibin&did=sanyashi
437,http://www.cntour.cn/line/list.aspx?cid=237&tid=around&dpid=haibin&did=sansha
438,http://www.cntour.cn/line/list.aspx?cid=237&tid=around&dpid=jiaoyou&did=shijingshan
439,http://www.cntour.cn/line/list.aspx?cid=237&tid=around&dpid=jiaoyou&did=356
440,http://www.cntour.cn/line/list.aspx?cid=237&tid=around&dpid=jiaoyou&did=357
441,http://www.cntour.cn/line/list.aspx?cid=237&tid=around&dpid=jiaoyou&did=358
442,http://www.cntour.cn/line/list.aspx?cid=237&tid=around&dpid=jiaoyou&did=359
443,http://www.cntour.cn/line/list.aspx?cid=237&tid=around&dpid=jiaoyou&did=360
444,http://www.cntour.cn/line/list.aspx?cid=237&tid=around&dpid=jiaoyou&did=361
445,http://www.cntour.cn/line/list.aspx?cid=237&tid=around&dpid=jiaoyou&did=362
446,http://www.cntour.cn/line/list.aspx?cid=237&tid=around&dpid=chengshi&did=ningbo
447,http://www.cntour.cn/line/list.aspx?cid=237&tid=around&dpid=chengshi&did=wenzhou
448,http://www.cntour.cn/line/list.aspx?cid=237&tid=around&dpid=chengshi&did=jiaxing
449,http://www.cntour.cn/line/list.aspx?cid=237&tid=around&dpid=chengshi&did=huzhou
450,http://www.cntour.cn/line/list.aspx?cid=237&tid=around&dpid=chengshi&did=shaoxing
451,http://www.cntour.cn/line/list.aspx?cid=237&tid=around&dpid=chengshi&did=jinhua
452,http://www.cntour.cn/line/list.aspx?cid=237&tid=around&dpid=chengshi&did=quzhou
453,http://www.cntour.cn/line/list.aspx?cid=237&tid=around&dpid=chengshi&did=zhoushan
454,http://www.cntour.cn/line/list.aspx?cid=237&tid=around&dpid=chengshi&did=taizhou
455,http://www.cntour.cn/line/list.aspx?cid=237&tid=around&dpid=chengshi&did=lishui
456,http://trip.cntour.cn/446/
457,http://trip.cntour.cn/446/
458,http://trip.cntour.cn/446/
459,http://trip.cntour.cn/447/
460,http://trip.cntour.cn/447/
461,http://trip.cntour.cn/447/
462,http://trip.cntour.cn/448/
463,http://trip.cntour.cn/448/
464,http://trip.cntour.cn/448/
465,http://trip.cntour.cn/449/
466,http://trip.cntour.cn/449/
467,http://trip.cntour.cn/449/
468,http://trip.cntour.cn/482/
469,http://trip.cntour.cn/487/
470,http://trip.cntour.cn/488/
471,http://trip.cntour.cn/489/
472,http://trip.cntour.cn/490/
473,http://trip.cntour.cn/491/
474,http://trip.cntour.cn/504/
475,http://trip.cntour.cn/511/
476,http://trip.cntour.cn/512/
477,http://www.cntour.cn/line/list.aspx?cid=237&tid=package&dpid=188&did=lijiang
478,http://www.cntour.cn/line/list.aspx?cid=237&tid=package&dpid=196&did=197
479,http://www.cntour.cn/line/list.aspx?cid=237&tid=package&dpid=196&did=singapore
480,http://www.cntour.cn/line/list.aspx?cid=237&tid=package&dpid=196&did=philippines
481,http://www.cntour.cn/line/list.aspx?cid=237&tid=package&dpid=188&did=guilin
482,http://www.cntour.cn/line/list.aspx?cid=237&tid=package&dpid=188&did=sichuan
483,http://www.cntour.cn/line/list.aspx?cid=237&tid=package&dpid=196&did=maldives
484,http://www.cntour.cn/line/list.aspx?cid=237&tid=package&dpid=196&did=taiwan
485,http://www.cntour.cn/line/list.aspx?cid=237&tid=package&dpid=188&did=shamen
486,http://www.cntour.cn/line/list.aspx?cid=237&tid=package&dpid=188&did=194
487,http://www.cntour.cn/line/list.aspx?cid=237&tid=package&dpid=196&did=vietnam
488,http://www.cntour.cn/line/list.aspx?cid=237&tid=package&dpid=196&did=malaysia
489,http://www.cntour.cn/line/list.aspx?cid=237&tid=package&dpid=188&did=195
490,http://www.cntour.cn/line/list.aspx?cid=237&tid=package&dpid=196&did=south_korea
491,http://www.cntour.cn/line/list.aspx?cid=237&tid=package&dpid=196&did=cambodia
492,http://www.cntour.cn/line/list.aspx?cid=237&tid=package&dpid=196&did=xianggang
493,http://www.cntour.cn/line/list.aspx?cid=237&tid=package&dpid=196&did=fiji
494,http://www.cntour.cn/line/list.aspx?cid=237&tid=package&dpid=196&did=208
495,http://www.cntour.cn/line/list.aspx?cid=237&tid=package&dpid=196&did=japan
496,http://www.cntour.cn/line/list.aspx?cid=237&tid=package&dpid=196&did=210
497,http://www.cntour.cn/line/list.aspx?cid=237&tid=package&dpid=196&did=211
498,http://www.cntour.cn/line/list.aspx?cid=237&tid=package&dpid=196&did=212
499,http://www.cntour.cn/line/list.aspx?cid=237&tid=package&dpid=196&did=mauritius
500,http://www.cntour.cn/line/list.aspx?cid=237&tid=package&dpid=196&did=214
501,http://www.cntour.cn/line/list.aspx?cid=237&tid=package&dpid=188&did=jiangmen
502,http://www.cntour.cn/line/list.aspx?cid=237&tid=package&dpid=188&did=chaozhou
503,http://www.cntour.cn/line/list.aspx?cid=237&tid=package&dpid=188&did=wenzhou
504,http://www.cntour.cn/line/list.aspx?cid=237&tid=package&dpid=188&did=jiaxing
505,http://www.cntour.cn/line/list.aspx?cid=237&tid=package&dpid=188&did=shaoxing
506,http://www.cntour.cn/line/list.aspx?cid=237&tid=package&dpid=188&did=jinhua
507,http://www.cntour.cn/line/list.aspx?cid=237&tid=package&dpid=188&did=zhoushan
508,http://www.cntour.cn/line/list.aspx?cid=237&tid=package&dpid=188&did=taizhou
509,http://www.cntour.cn/line/list.aspx?cid=237&tid=package&dpid=188&did=lishui
510,http://www.cntour.cn/line/list.aspx?cid=237&tid=package&dpid=196&did=north_korea
511,http://www.cntour.cn/line/list.aspx?cid=237&tid=package&dpid=196&did=thailand
512,http://www.cntour.cn/line/list.aspx?cid=237&tid=package&dpid=196&did=qatar
513,http://www.cntour.cn/line/list.aspx?cid=237&tid=package&dpid=196&did=yemen
514,http://www.cntour.cn/line/list.aspx?cid=237&tid=package&dpid=196&did=montenegro
515,http://www.cntour.cn/line/list.aspx?cid=237&tid=package&dpid=196&did=malta
516,http://www.cntour.cn/line/list.aspx?cid=237&tid=package&dpid=196&did=albania
517,http://www.cntour.cn/line/list.aspx?cid=237&tid=package&dpid=196&did=barbados
518,http://www.cntour.cn/line/list.aspx?cid=237&tid=package&dpid=196&did=haiti
519,http://www.cntour.cn/line/list.aspx?cid=237&tid=package&dpid=196&did=antigua_and_barbuda
520,http://trip.cntour.cn/454/
521,http://trip.cntour.cn/454/
522,http://trip.cntour.cn/454/
523,http://trip.cntour.cn/479/
524,http://trip.cntour.cn/479/
525,http://trip.cntour.cn/479/
526,http://trip.cntour.cn/480/
527,http://trip.cntour.cn/480/
528,http://trip.cntour.cn/480/
529,http://trip.cntour.cn/481/
530,http://trip.cntour.cn/481/
531,http://trip.cntour.cn/481/
532,http://trip.cntour.cn/485/
533,http://trip.cntour.cn/492/
534,http://trip.cntour.cn/497/
535,http://trip.cntour.cn/498/
536,http://trip.cntour.cn/499/
537,http://trip.cntour.cn/500/
538,http://trip.cntour.cn/501/
539,http://trip.cntour.cn/502/
540,http://trip.cntour.cn/505/
541,http://trip.cntour.cn/513/
542,http://www.cntour.cn/line/show.aspx?id=462
543,http://www.cntour.cn/line/show.aspx?id=462
544,http://www.cntour.cn/line/show.aspx?id=494
545,http://www.cntour.cn/line/show.aspx?id=494
546,http://www.cntour.cn/line/show.aspx?id=495
547,http://www.cntour.cn/line/show.aspx?id=495
548,http://www.cntour.cn/line/show.aspx?id=496
549,http://www.cntour.cn/line/show.aspx?id=496
550,http://www.cntour.cn/line/show.aspx?id=506
551,http://www.cntour.cn/line/show.aspx?id=506
552,http://www.ymslyq.cn/
553,https://www.ciftis.org/
554,http://www.12301.cn/
555,http://www.tsichuan.com/
556,http://www.cntour.cn/video/list.aspx?tid=23
557,http://www.cntour.cn/video/show.aspx?id=3883
558,http://www.cntour.cn/video/show.aspx?id=3882
559,http://www.cntour.cn/video/show.aspx?id=3881
560,http://www.cntour.cn/video/show.aspx?id=3880
561,http://www.cntour.cn/video/show.aspx?id=3879
562,http://www.cntour.cn/video/show.aspx?id=3878
563,http://www.cntour.cn/video/show.aspx?id=3877
564,http://www.cntour.cn/video/show.aspx?id=3876
565,http://www.cntour.cn/video/show.aspx?id=3875
566,http://www.cntour.cn/video/show.aspx?id=3874
567,http://ha.cntour.cn/
568,http://hb.cntour.cn/
569,http://jx.cntour.cn/
570,http://hn.cntour.cn/
571,http://www.cntour.cn/news/4591/
572,http://www.cntour.cn/news/4591/
573,http://www.cntour.cn/news/4539/
574,http://www.cntour.cn/news/4539/
575,http://www.cntour.cn/news/1994/
576,http://www.cntour.cn/news/1994/
577,http://www.cntour.cn/news/1992/
578,http://www.cntour.cn/news/1992/
579,http://www.cntour.cn/news/1991/
580,http://www.cntour.cn/news/1991/
581,http://www.cntour.cn/news/13837/
582,http://www.cntour.cn/news/13837/
583,http://www.cntour.cn/news/6615/
584,http://www.cntour.cn/news/6615/
585,http://www.cntour.cn/news/list.aspx?tid=9
586,http://www.cntour.cn/news/14980/
587,http://www.cntour.cn/news/7643/
588,http://www.cntour.cn/news/6483/
589,http://www.cntour.cn/news/5271/
590,http://www.cntour.cn/news/4932/
591,http://www.cntour.cn/news/6413/
592,http://www.cntour.cn/news/4538/
593,http://www.cntour.cn/news/4102/
594,http://www.cntour.cn/news/4000/
595,http://www.cntour.cn/news/3958/
596,http://www.cntour.cn/news/list.aspx?tid=55
597,http://www.cntour.cn/news/11704/
598,http://www.cntour.cn/news/8682/
599,http://www.cntour.cn/news/6386/
600,http://www.cntour.cn/news/4959/
601,http://www.cntour.cn/news/4930/
602,http://www.cntour.cn/news/4892/
603,http://www.cntour.cn/news/list.aspx?tid=54
604,http://www.cntour.cn/news/5280/
605,http://www.cntour.cn/news/5071/
606,http://www.cntour.cn/news/4999/
607,http://www.cntour.cn/news/4763/
608,http://www.cntour.cn/news/4697/
609,http://www.cntour.cn/news/4628/
610,http://www.cntour.cn/news/list.aspx?tid=20
611,http://www.cntour.cn/news/7657/
612,http://www.cntour.cn/news/6600/
613,http://www.cntour.cn/news/6594/
614,http://www.cntour.cn/news/6506/
615,http://www.cntour.cn/news/6421/
616,http://www.cntour.cn/news/6355/
617,http://www.cntour.cn/news/5289/
618,http://www.cntour.cn/news/5210/
619,http://www.cntour.cn/news/4312/
620,http://www.cntour.cn/news/4274/
621,http://www.cntour.cn/news/4273/
622,http://www.cntour.cn/news/3967/
623,http://www.cntour.cn/news/3821/
624,http://www.cntour.cn/news/3564/
625,http://www.cntour.cn/news/3482/
626,http://www.cntour.cn/news/3440/
627,http://www.cntour.cn/news/list.aspx?tid=53
628,http://www.cntour.cn/news/4279/
629,http://www.cntour.cn/news/4277/
630,http://www.cntour.cn/news/6596/
631,http://www.cntour.cn/news/5192/
632,http://www.cntour.cn/news/5191/
633,http://www.cntour.cn/news/5190/
634,http://www.cntour.cn/news/list.aspx?tid=52
635,http://www.cntour.cn/news/13912/
636,http://www.cntour.cn/news/13872/
637,http://www.cntour.cn/news/13811/
638,http://www.cntour.cn/news/13782/
639,http://www.cntour.cn/news/6590/
640,http://www.cntour.cn/news/6573/
641,http://www.cntour.cn/news/6362/
642,http://www.cntour.cn/news/5304/
643,http://www.dhgjlxs.com/
644,http://trip.elong.com/promotion/babalu/sichuan.html?keycoid=babalu:140701:hl
645,http://www.12301.cn
646,http://www.nanhutravel.com/Searchlist.aspx?key=布吉
647,http://ln.cntour.cn/
648,http://jl.cntour.cn/
649,http://hlj.cntour.cn/
650,http://hotel.cntour.cn/9/
651,http://hotel.cntour.cn/10/
652,http://hotel.cntour.cn/11/
653,http://hotel.cntour.cn/13/
654,http://hotel.cntour.cn/14/
655,http://hotel.cntour.cn/15/
656,http://hotel.cntour.cn/16/
657,http://hotel.cntour.cn/17/
658,http://hotel.cntour.cn/18/
659,http://hotel.cntour.cn/20/
660,http://www.cntour.cn/food/10/9/
661,http://www.cntour.cn/food/10/9/
662,http://www.cntour.cn/food/10/10/
663,http://www.cntour.cn/food/10/10/
664,http://www.cntour.cn/food/10/11/
665,http://www.cntour.cn/food/10/11/
666,http://www.cntour.cn/food/10/13/
667,http://www.cntour.cn/food/10/13/
668,http://www.cntour.cn/food/10/14/
669,http://www.cntour.cn/food/10/14/
670,http://www.cntour.cn/food/10/15/
671,http://www.cntour.cn/food/10/15/
672,http://www.cntour.cn/food/10/16/
673,http://www.cntour.cn/food/10/16/
674,http://www.cntour.cn/food/10/17/
675,http://www.cntour.cn/food/10/17/
676,http://hotel.cntour.cn/159/
677,http://hotel.cntour.cn/157/
678,http://hotel.cntour.cn/156/
679,http://hotel.cntour.cn/155/
680,http://hotel.cntour.cn/149/
681,http://hotel.cntour.cn/146/
682,http://hotel.cntour.cn/145/
683,http://hotel.cntour.cn/144/
684,http://hotel.cntour.cn/142/
685,http://hotel.cntour.cn/142/
686,http://hotel.cntour.cn/142/
687,http://hotel.cntour.cn/144/
688,http://hotel.cntour.cn/144/
689,http://hotel.cntour.cn/145/
690,http://hotel.cntour.cn/145/
691,http://hotel.cntour.cn/146/
692,http://hotel.cntour.cn/146/
693,http://hotel.cntour.cn/149/
694,http://hotel.cntour.cn/149/
695,http://hotel.cntour.cn/155/
696,http://hotel.cntour.cn/155/
697,http://hotel.cntour.cn/156/
698,http://hotel.cntour.cn/156/
699,http://hotel.cntour.cn/157/
700,http://hotel.cntour.cn/157/
701,http://piao.cntour.cn/list-16-16-0.html
702,http://piao.cntour.cn/list-17-17-0.html
703,http://piao.cntour.cn/list-69-69-0.html
704,http://piao.cntour.cn/list-70-70-0.html
705,http://piao.cntour.cn/list-71-71-0.html
706,http://piao.cntour.cn/list-72-72-0.html
707,http://piao.cntour.cn/list-73-73-0.html
708,http://piao.cntour.cn/list-74-74-0.html
709,http://piao.cntour.cn/list-75-75-0.html
710,http://piao.cntour.cn/list-76-76-0.html
711,http://piao.cntour.cn/list-77-77-0.html
712,http://piao.cntour.cn/list-78-78-0.html
713,http://piao.cntour.cn/list-79-79-0.html
714,http://piao.cntour.cn/list-80-80-0.html
715,http://piao.cntour.cn/list-81-81-0.html
716,http://piao.cntour.cn/list-82-82-0.html
717,http://piao.cntour.cn/list-83-83-0.html
718,http://piao.cntour.cn/list-84-84-0.html
719,http://piao.cntour.cn/list-85-85-0.html
720,http://piao.cntour.cn/list-86-86-0.html
721,http://piao.cntour.cn/list-87-87-0.html
722,http://piao.cntour.cn/116/
723,http://piao.cntour.cn/116/
724,http://piao.cntour.cn/115/
725,http://piao.cntour.cn/115/
726,http://piao.cntour.cn/114/
727,http://piao.cntour.cn/114/
728,http://piao.cntour.cn/105/
729,http://piao.cntour.cn/105/
730,http://piao.cntour.cn/119/
731,http://piao.cntour.cn/119/
732,http://piao.cntour.cn/118/
733,http://piao.cntour.cn/118/
734,http://piao.cntour.cn/117/
735,http://piao.cntour.cn/117/
736,http://piao.cntour.cn/104/
737,http://piao.cntour.cn/104/
738,http://visa.cntour.cn/43/
739,http://visa.cntour.cn/42/
740,http://visa.cntour.cn/41/
741,http://visa.cntour.cn/40/
742,http://visa.cntour.cn/39/
743,http://visa.cntour.cn/38/
744,http://visa.cntour.cn/37/
745,http://visa.cntour.cn/36/
746,http://visa.cntour.cn/35/
747,http://visa.cntour.cn/34/
748,http://visa.cntour.cn/33/
749,http://visa.cntour.cn/32/
750,http://visa.cntour.cn/31/
751,http://visa.cntour.cn/30/
752,http://visa.cntour.cn/29/
753,http://visa.cntour.cn/28/
754,http://visa.cntour.cn/27/
755,http://visa.cntour.cn/26/
756,http://gs.cntour.cn/
757,http://sn.cntour.cn/
758,http://qh.cntour.cn/
759,http://nx.cntour.cn/
760,http://xj.cntour.cn/
761,http://www.cntour.cn/news/list.aspx?tid=14
762,http://www.cntour.cn/news/4255/
763,http://www.cntour.cn/news/13765/
764,http://www.cntour.cn/news/6354/
765,http://www.cntour.cn/news/5019/
766,http://www.cntour.cn/news/list.aspx?tid=16
767,http://www.cntour.cn/news/4257/
768,http://www.cntour.cn/news/6345/
769,http://www.cntour.cn/news/5222/
770,http://www.cntour.cn/news/4587/
771,http://www.cntour.cn/news/list.aspx?tid=15
772,http://www.cntour.cn/news/4247/
773,http://www.cntour.cn/news/13806/
774,http://www.cntour.cn/news/4778/
775,http://www.cntour.cn/news/4556/
776,http://www.cntour.cn/news/list.aspx?tid=17
777,http://www.cntour.cn/news/4250/
778,http://www.cntour.cn/news/4249/
779,http://www.cntour.cn/news/3470/
780,http://www.cntour.cn/news/3175/
781,http://www.cntour.cn/news/list.aspx?tid=7
782,http://www.cntour.cn/news/5273/
783,http://www.cntour.cn/news/6358/
784,http://www.cntour.cn/news/5288/
785,http://www.cntour.cn/news/5275/
786,http://www.cntour.cn/news/list.aspx?tid=31
787,http://www.cntour.cn/news/4254/
788,http://www.cntour.cn/news/7617/
789,http://www.cntour.cn/news/6409/
790,http://www.cntour.cn/news/5286/
791,http://www.cntour.cn/news/list.aspx?tid=60
792,http://www.cntour.cn/news/4622/
793,http://www.cntour.cn/news/4622/
794,http://www.cntour.cn/news/4622/
795,http://www.cntour.cn/news/4620/
796,http://www.cntour.cn/news/4620/
797,http://www.cntour.cn/news/4620/
798,http://www.cntour.cn/news/13896/
799,http://www.cntour.cn/news/13893/
800,http://www.cntour.cn/news/13892/
801,http://www.cntour.cn/news/13891/
802,http://www.cntour.cn/news/4623/
803,http://www.cntour.cn/news/4621/
804,http://www.cntour.cn/news/4619/
805,http://www.byts.com/
806,http://www.guilincits.com/guilindaren/
807,http://www.citm.com.cn/
808,http://lwt.hainan.gov.cn/rdztjs/2021hnxclywhj/index.html
809,http://www.cntour.cn/travelpic/list.aspx?tid=56
810,http://www.cntour.cn/travelpic/show.aspx?id=4338
811,http://www.cntour.cn/travelpic/show.aspx?id=4337
812,http://www.cntour.cn/travelpic/show.aspx?id=4344
813,http://www.cntour.cn/travelpic/show.aspx?id=4341
814,http://www.cntour.cn/travelpic/show.aspx?id=4340
815,http://www.cntour.cn/travelpic/show.aspx?id=4339
816,http://www.cntour.cn/travelpic/show.aspx?id=4342
817,http://www.cntour.cn/travelpic/show.aspx?id=4343
818,http://www.cntour.cn/travelpic/show.aspx?id=4345
819,http://cq.cntour.cn/
820,http://sc.cntour.cn/
821,http://yn.cntour.cn/
822,http://gz.cntour.cn/
823,http://xz.cntour.cn/
824,http://www.cntour.cn/news/list.aspx?tid=29
825,http://www.cntour.cn/news/2677/
826,http://www.cntour.cn/news/2677/
827,http://www.cntour.cn/news/2677/
828,http://www.cntour.cn/news/5282/
829,http://www.cntour.cn/news/5258/
830,http://www.cntour.cn/news/4758/
831,http://www.cntour.cn/news/4687/
832,http://www.cntour.cn/news/4684/
833,http://www.cntour.cn/news/3514/
834,http://www.cntour.cn/news/3514/
835,http://www.cntour.cn/news/3514/
836,http://www.cntour.cn/news/4563/
837,http://www.cntour.cn/news/4431/
838,http://www.cntour.cn/news/4430/
839,http://www.cntour.cn/news/4359/
840,http://www.cntour.cn/news/3919/
841,http://www.cntour.cn/news/list.aspx?tid=24
842,http://www.cntour.cn/news/3412/
843,http://www.cntour.cn/news/1701/
844,http://www.cntour.cn/news/5226/
845,http://www.cntour.cn/news/4988/
846,http://www.cntour.cn/news/4912/
847,http://www.cntour.cn/news/4880/
848,http://www.cntour.cn/news/4685/
849,http://www.cntour.cn/news/list.aspx?tid=25
850,http://www.cntour.cn/news/11703/
851,http://www.cntour.cn/news/11703/
852,http://www.cntour.cn/news/11703/
853,http://www.cntour.cn/news/13784/
854,http://www.cntour.cn/news/13722/
855,http://www.cntour.cn/news/12722/
856,http://www.cntour.cn/news/11703/
857,http://www.cntour.cn/news/11702/
858,http://ycgj7.package.qunar.com/user/detail.jsp?id=3818259111#tf=%E5%8C%97%E4%BA%AC%5F%E9%A9%AC%E5%B0%94%E4%BB%A3%E5%A4%AB%5F149
859,http://www.517best.com/Topic/2013sanxia/default.aspx
860,http://www.517best.com/Topic/Saiban/Default.aspx
861,http://www.tuniu.com/g3608/whole-bj-0/list-h4/?p=1044&utm_source=baidu&utm_medium=cpc&utm_campaign=GT&kw=213026542_112549380
862,http://group.caissa.com.cn/henna2014/?utm_source=caissa&utm_medium=zhuanti&utm_campaign=2014hainahao
863,http://www.quly8.net/team/youlunlvyou/
864,http://www.cctut.com/chujing/balidao
865,http://www.caissa.com.cn/juhe_europe/?utm_source=baidu&utm_medium=ppc&utm_campaign=beijing
866,http://www.cctut.com/chujing/balidao
867,http://www.cntour.cn/mall/default.aspx
868,http://www.cntour.cn/mall/list.aspx?tid=16
869,http://www.cntour.cn/mall/list.aspx?tid=17
870,http://www.cntour.cn/mall/list.aspx?tid=18
871,http://www.cntour.cn/mall/list.aspx?tid=19
872,http://www.cntour.cn/mall/list.aspx?tid=56
873,http://www.cntour.cn/mall/list.aspx?tid=57
874,http://www.cntour.cn/mall/list.aspx?tid=58
875,http://www.cntour.cn/mall/list.aspx?tid=59
876,http://www.cntour.cn/mall/list.aspx?tid=107
877,http://www.cntour.cn/mall/list.aspx?tid=47
878,http://www.cntour.cn/mall/list.aspx?tid=63
879,http://www.cntour.cn/mall/list.aspx?tid=64
880,http://www.cntour.cn/mall/list.aspx?tid=67
881,http://www.cntour.cn/mall/list.aspx?tid=108
882,http://www.cntour.cn/mall/list.aspx?tid=109
883,http://www.cntour.cn/mall/list.aspx?tid=111
884,http://www.cntour.cn/mall/list.aspx?tid=114
885,http://www.cntour.cn/mall/list.aspx?tid=116
886,http://www.cntour.cn/mall/show.aspx?id=59
887,http://www.cntour.cn/mall/show.aspx?id=59
888,http://www.cntour.cn/mall/show.aspx?id=44
889,http://www.cntour.cn/mall/show.aspx?id=44
890,http://www.cntour.cn/mall/show.aspx?id=35
891,http://www.cntour.cn/mall/show.aspx?id=35
892,http://www.cntour.cn/mall/show.aspx?id=30
893,http://www.cntour.cn/mall/show.aspx?id=30
894,http://www.cntour.cn/mall/show.aspx?id=22
895,http://www.cntour.cn/mall/show.aspx?id=22
896,http://www.cntour.cn/mall/show.aspx?id=17
897,http://www.cntour.cn/mall/show.aspx?id=17
898,http://www.cntour.cn/mall/show.aspx?id=14
899,http://www.cntour.cn/mall/show.aspx?id=14
900,http://www.cntour.cn/mall/show.aspx?id=9
901,http://www.cntour.cn/mall/show.aspx?id=9
902,http://travel.cntour.cn/
903,http://travel.cntour.cn/118299/
904,http://travel.cntour.cn/118299/
905,http://travel.cntour.cn/118299/
906,http://travel.cntour.cn/117861/
907,http://travel.cntour.cn/117861/
908,http://travel.cntour.cn/117861/
909,http://travel.cntour.cn/114594/
910,http://travel.cntour.cn/114594/
911,http://travel.cntour.cn/114594/
912,http://travel.cntour.cn/114588/
913,http://travel.cntour.cn/114588/
914,http://travel.cntour.cn/114588/
915,http://travel.cntour.cn/114582/
916,http://travel.cntour.cn/114582/
917,http://travel.cntour.cn/114582/
918,http://travel.cntour.cn/1909/
919,http://travel.cntour.cn/1909/
920,http://travel.cntour.cn/1909/
921,http://travel.cntour.cn/1509/
922,http://travel.cntour.cn/1509/
923,http://travel.cntour.cn/1509/
924,http://travel.cntour.cn/1468/
925,http://travel.cntour.cn/1468/
926,http://travel.cntour.cn/1468/
927,http://travel.cntour.cn/1076/
928,http://travel.cntour.cn/1076/
929,http://travel.cntour.cn/1076/
930,http://travel.cntour.cn/1038/
931,http://travel.cntour.cn/1038/
932,http://travel.cntour.cn/1038/
933,http://travel.cntour.cn/1021/
934,http://travel.cntour.cn/1021/
935,http://travel.cntour.cn/1021/
936,http://travel.cntour.cn/573/
937,http://travel.cntour.cn/573/
938,http://travel.cntour.cn/573/
939,http://www.wudangshan.gov.cn
940,http://www.sxtour.com/html/index.html
941,http://www.smxly.com/
942,https://www.itehk.com/ITEHK/
943,http://www.cntour.cn/news/57/
944,http://www.cntour.cn/news/56/
945,http://www.cntour.cn/news/50/
946,http://www.cntour.cn/news/48/
947,http://www.cntour.cn/news/47/
948,http://www.cntour.cn/news/46/
949,http://www.cntour.cn/news/45/
950,http://www.cntour.cn/news/44/
951,http://www.cntour.cn/news/43/
952,https://www.mct.gov.cn/
953,http://www.chinata.com.cn/
954,http://www.ctaweb.org/
955,http://unwto.org/en
956,http://www.wtcf.org.cn/
957,http://www.wta-web.org/chn/?id=s
958,http://www.patachina.org/
959,http://www.chinataa.org/
960,http://www.tcc.org.cn/
961,http://www.chinataa.org
962,http://cats.org.cn/
963,http://www.ctaca.com/
964,http://www.ctha.com.cn/
965,http://www.cctpa.org/
966,http://www.capg.org.cn
967,http://www.chinamuseum.org.cn
968,http://www.chsla.org.cn
969,http://www.golf.org.cn
970,http://www.ccas.com.cn/
971,http://www.cntl.org/
972,http://www.cteweb.cn/
973,http://www.chinahotel.org.cn
974,http://www.ctaaaaa.com/
975,http://www.cgtec.cn
976,http://www.cntour.cn/
977,http://travel.sina.com.cn/
978,http://travel.sohu.com/
979,http://travel.163.com/
980,http://ly.qq.com/
981,http://lvyou.baidu.com/
982,http://travel.ifeng.com/
983,http://travel.people.com.cn/
984,http://www.news.cn/travel/
985,http://travel.gmw.cn/
986,http://travel.cntv.cn/
987,http://travel.cnr.cn/
988,http://travel.china.com/
989,http://travel.ce.cn/
990,http://www.toptour.cn/
991,http://travel.qianlong.com/
992,http://city.ifeng.com/
993,http://expo.people.com.cn/
994,http://city.sohu.com/
995,http://www.zgcsly.com
996,http://www.lvyou99.com/
997,http://news.cnair.com/
998,http://www.tibetcn.com/
999,http://www.zgghw.org/
1000,http://travel.taiwan.cn/
1001,http://www.chinamazu.cn/
1002,http://www.huway.com
1003,http://travel.enorth.com.cn/
1004,http://travel.hebei.com.cn/
1005,http://www.ctrip.com.hk/
1006,http://www.nationalgeographic.com.cn/
1007,http://www.yododo.com/
1008,http://outdoor.ts.cn/
1009,http://www.lvwang.com
1010,http://www.shijiebang.com
1011,http://www.aoyou.com
1012,http://www.hebeitour.com.cn
1013,http://www.northtravels.cn/
1014,http://www.cntour.cn/link/
1015,http://bj.cntour.cn
1016,http://sh.cntour.cn
1017,http://tj.cntour.cn
1018,http://cq.cntour.cn
1019,http://gd.cntour.cn
1020,http://sx.cntour.cn
1021,http://ln.cntour.cn
1022,http://jl.cntour.cn
1023,http://js.cntour.cn
1024,http://zj.cntour.cn
1025,http://ah.cntour.cn
1026,http://fj.cntour.cn
1027,http://jx.cntour.cn
1028,http://sd.cntour.cn
1029,http://ha.cntour.cn
1030,http://hb.cntour.cn
1031,http://hn.cntour.cn
1032,http://gx.cntour.cn
1033,http://he.cntour.cn
1034,http://sc.cntour.cn
1035,http://gz.cntour.cn
1036,http://yn.cntour.cn
1037,http://xz.cntour.cn
1038,http://sn.cntour.cn
1039,http://gs.cntour.cn
1040,http://qh.cntour.cn
1041,http://nx.cntour.cn
1042,http://xj.cntour.cn
1043,http://hi.cntour.cn
1044,http://hlj.cntour.cn
1045,http://nmg.cntour.cn
1046,http://xg.cntour.cn
1047,http://mc.cntour.cn
1048,http://tw.cntour.cn
1049,http://trip.cntour.cn/domestic/
1050,http://www.cntour.cn/line/list.aspx?cid=beijing&tid=&dpid=54
1051,http://www.cntour.cn/line/list.aspx?cid=beijing&tid=&dpid=69
1052,http://www.cntour.cn/line/list.aspx?cid=beijing&tid=&dpid=69&did=beijing
1053,http://www.cntour.cn/line/list.aspx?cid=beijing&tid=&dpid=75
1054,http://www.cntour.cn/line/list.aspx?cid=beijing&tid=&dpid=75&did=guilin
1055,http://www.cntour.cn/line/list.aspx?cid=beijing&tid=&dpid=75&did=77
1056,http://www.cntour.cn/line/list.aspx?cid=beijing&tid=&dpid=75&did=beihai
1057,http://www.cntour.cn/line/list.aspx?cid=beijing&tid=&dpid=75&did=nanning
1058,http://www.cntour.cn/line/list.aspx?cid=beijing&tid=&dpid=75&did=80
1059,http://www.cntour.cn/line/list.aspx?cid=beijing&tid=&dpid=96
1060,http://www.cntour.cn/line/list.aspx?cid=beijing&tid=&dpid=96&did=zhangjiajie
1061,http://www.cntour.cn/line/list.aspx?cid=beijing&tid=&dpid=96&did=98
1062,http://www.cntour.cn/line/list.aspx?cid=beijing&tid=&dpid=96&did=99
1063,http://www.cntour.cn/line/list.aspx?cid=beijing&tid=&dpid=96&did=100
1064,http://www.cntour.cn/line/list.aspx?cid=beijing&tid=&dpid=96&did=changsha
1065,http://www.cntour.cn/line/list.aspx?cid=beijing&tid=&dpid=96&did=102
1066,http://www.cntour.cn/line/list.aspx?cid=beijing&tid=&dpid=111
1067,http://www.cntour.cn/line/list.aspx?cid=beijing&tid=&dpid=111&did=112
1068,http://www.cntour.cn/line/list.aspx?cid=beijing&tid=&dpid=111&did=113
1069,http://www.cntour.cn/line/list.aspx?cid=beijing&tid=&dpid=111&did=kaifeng
1070,http://www.cntour.cn/line/list.aspx?cid=beijing&tid=&dpid=111&did=dengfengshi
1071,http://www.cntour.cn/line/list.aspx?cid=beijing&tid=&dpid=111&did=luoyang
1072,http://www.cntour.cn/line/list.aspx?cid=beijing&tid=&dpid=117
1073,http://www.cntour.cn/line/list.aspx?cid=beijing&tid=&dpid=117&did=rikaze
1074,http://www.cntour.cn/line/list.aspx?cid=beijing&tid=&dpid=117&did=budalagong
1075,http://www.cntour.cn/line/list.aspx?cid=beijing&tid=&dpid=117&did=120
1076,http://www.cntour.cn/line/list.aspx?cid=beijing&tid=&dpid=117&did=lasa
1077,http://www.cntour.cn/line/list.aspx?cid=beijing&tid=&dpid=122
1078,http://www.cntour.cn/line/list.aspx?cid=beijing&tid=&dpid=122&did=shamen
1079,http://www.cntour.cn/line/list.aspx?cid=beijing&tid=&dpid=122&did=124
1080,http://www.cntour.cn/line/list.aspx?cid=beijing&tid=&dpid=122&did=125
1081,http://www.cntour.cn/line/list.aspx?cid=beijing&tid=&dpid=122&did=126
1082,http://www.cntour.cn/line/list.aspx?cid=beijing&tid=&dpid=127
1083,http://www.cntour.cn/line/list.aspx?cid=beijing&tid=&dpid=127&did=xian
1084,http://www.cntour.cn/line/list.aspx?cid=beijing&tid=&dpid=127&did=129
1085,http://www.cntour.cn/line/list.aspx?cid=beijing&tid=&dpid=127&did=130
1086,http://www.cntour.cn/line/list.aspx?cid=beijing&tid=&dpid=127&did=131
1087,http://www.cntour.cn/line/list.aspx?cid=beijing&tid=&dpid=127&did=132
1088,http://www.cntour.cn/line/list.aspx?cid=beijing&tid=&dpid=133
1089,http://www.cntour.cn/line/list.aspx?cid=beijing&tid=&dpid=133&did=134
1090,http://www.cntour.cn/line/list.aspx?cid=beijing&tid=&dpid=133&did=135
1091,http://www.cntour.cn/line/list.aspx?cid=beijing&tid=&dpid=133&did=wuyuan
1092,http://www.cntour.cn/line/list.aspx?cid=beijing&tid=&dpid=133&did=137
1093,http://www.cntour.cn/line/list.aspx?cid=beijing&tid=&dpid=0
1094,http://www.cntour.cn/line/list.aspx?cid=beijing&tid=&dpid=0&did=chizhou
1095,http://www.cntour.cn/line/list.aspx?cid=beijing&tid=&dpid=397
1096,http://www.cntour.cn/line/list.aspx?cid=beijing&tid=&dpid=398
1097,http://www.cntour.cn/line/list.aspx?cid=beijing&tid=&dpid=399
1098,http://www.cntour.cn/line/list.aspx?cid=beijing&tid=&dpid=400
1099,http://www.cntour.cn/line/list.aspx?cid=beijing&tid=&dpid=401
1100,http://www.cntour.cn/line/list.aspx?cid=beijing&tid=&dpid=402
1101,http://www.cntour.cn/line/list.aspx?cid=beijing&tid=&dpid=403
1102,http://www.cntour.cn/line/list.aspx?cid=beijing&tid=&dpid=404
1103,http://www.cntour.cn/line/list.aspx?cid=beijing&tid=&dpid=405
1104,http://www.cntour.cn/line/list.aspx?cid=beijing&tid=&dpid=406
1105,http://www.cntour.cn/line/list.aspx?cid=beijing&tid=&dpid=407
1106,http://www.cntour.cn/line/list.aspx?cid=beijing&tid=&dpid=408
1107,http://www.cntour.cn/line/list.aspx?cid=beijing&tid=&dpid=409
1108,http://www.cntour.cn/line/list.aspx?cid=beijing&tid=&dpid=410
1109,http://www.cntour.cn/line/list.aspx?cid=beijing&tid=&dpid=411
1110,http://www.cntour.cn/line/list.aspx?cid=beijing&tid=&dpid=412
1111,http://www.cntour.cn/line/list.aspx?cid=beijing&tid=&dpid=413
1112,http://www.cntour.cn/line/list.aspx?cid=beijing&tid=&dpid=414
1113,http://www.cntour.cn/line/list.aspx?cid=beijing&tid=&dpid=416
1114,http://www.cntour.cn/line/list.aspx?cid=beijing&tid=&dpid=417
1115,http://www.cntour.cn/line/list.aspx?cid=beijing&tid=&dpid=418
1116,http://www.cntour.cn/line/list.aspx?cid=beijing&tid=&dpid=419
1117,http://www.cntour.cn/line/list.aspx?cid=beijing&tid=&dpid=420
1118,http://www.cntour.cn/line/list.aspx?cid=beijing&tid=&dpid=422
1119,http://www.cntour.cn/line/show.aspx?id=518
1120,http://www.cntour.cn/line/show.aspx?id=517
1121,http://www.cntour.cn/line/show.aspx?id=493
1122,http://www.cntour.cn/line/show.aspx?id=461
1123,http://www.cntour.cn/line/show.aspx?id=451
1124,http://www.cntour.cn/line/show.aspx?id=450
1125,http://trip.cntour.cn/abroad/
1126,http://www.cntour.cn/line/list.aspx?cid=beijing&tid=&dpid=dongnanya
1127,http://www.cntour.cn/line/list.aspx?cid=beijing&tid=&dpid=dongnanya&did=139
1128,http://www.cntour.cn/line/list.aspx?cid=beijing&tid=&dpid=dongnanya&did=140
1129,http://www.cntour.cn/line/list.aspx?cid=beijing&tid=&dpid=dongnanya&did=singapore
1130,http://www.cntour.cn/line/list.aspx?cid=beijing&tid=&dpid=dongnanya&did=thailand
1131,http://www.cntour.cn/line/list.aspx?cid=beijing&tid=&dpid=dongnanya&did=cambodia
1132,http://www.cntour.cn/line/list.aspx?cid=beijing&tid=&dpid=dongnanya&did=malaysia
1133,http://www.cntour.cn/line/list.aspx?cid=beijing&tid=&dpid=dongnanya&did=vietnam
1134,http://www.cntour.cn/line/list.aspx?cid=beijing&tid=&dpid=dongnanya&did=146
1135,http://www.cntour.cn/line/list.aspx?cid=beijing&tid=&dpid=dongnanya&did=philippines
1136,http://www.cntour.cn/line/list.aspx?cid=beijing&tid=&dpid=dongnanya&did=148
1137,http://www.cntour.cn/line/list.aspx?cid=beijing&tid=&dpid=nanya
1138,http://www.cntour.cn/line/list.aspx?cid=beijing&tid=&dpid=nanya&did=nepal
1139,http://www.cntour.cn/line/list.aspx?cid=beijing&tid=&dpid=japan
1140,http://www.cntour.cn/line/list.aspx?cid=beijing&tid=&dpid=japan&did=152
1141,http://www.cntour.cn/line/list.aspx?cid=beijing&tid=&dpid=japan&did=153
1142,http://www.cntour.cn/line/list.aspx?cid=beijing&tid=&dpid=japan&did=154
1143,http://www.cntour.cn/line/list.aspx?cid=beijing&tid=&dpid=korea
1144,http://www.cntour.cn/line/list.aspx?cid=beijing&tid=&dpid=korea&did=156
1145,http://www.cntour.cn/line/list.aspx?cid=beijing&tid=&dpid=korea&did=157
1146,http://www.cntour.cn/line/list.aspx?cid=beijing&tid=&dpid=gangaotai
1147,http://www.cntour.cn/line/list.aspx?cid=beijing&tid=&dpid=gangaotai&did=taiwan
1148,http://www.cntour.cn/line/list.aspx?cid=beijing&tid=&dpid=gangaotai&did=xianggang
1149,http://www.cntour.cn/line/list.aspx?cid=beijing&tid=&dpid=gangaotai&did=aomen
1150,http://www.cntour.cn/line/list.aspx?cid=beijing&tid=&dpid=aoxin
1151,http://www.cntour.cn/line/list.aspx?cid=beijing&tid=&dpid=aoxin&did=australia
1152,http://www.cntour.cn/line/list.aspx?cid=beijing&tid=&dpid=aoxin&did=new_zealand
1153,http://www.cntour.cn/line/list.aspx?cid=beijing&tid=&dpid=aoxin&did=fiji
1154,http://www.cntour.cn/line/list.aspx?cid=beijing&tid=&dpid=europe
1155,http://www.cntour.cn/line/list.aspx?cid=beijing&tid=&dpid=europe&did=france
1156,http://www.cntour.cn/line/list.aspx?cid=beijing&tid=&dpid=europe&did=italy
1157,http://www.cntour.cn/line/list.aspx?cid=beijing&tid=&dpid=europe&did=britain
1158,http://www.cntour.cn/line/list.aspx?cid=beijing&tid=&dpid=europe&did=switzerland
1159,http://www.cntour.cn/line/list.aspx?cid=beijing&tid=&dpid=europe&did=germany
1160,http://www.cntour.cn/line/list.aspx?cid=beijing&tid=&dpid=europe&did=austria
1161,http://www.cntour.cn/line/list.aspx?cid=beijing&tid=&dpid=europe&did=spain
1162,http://www.cntour.cn/line/list.aspx?cid=beijing&tid=&dpid=europe&did=ireland
1163,http://www.cntour.cn/line/list.aspx?cid=beijing&tid=&dpid=europe&did=russia
1164,http://www.cntour.cn/line/list.aspx?cid=beijing&tid=&dpid=americas
1165,http://www.cntour.cn/line/list.aspx?cid=beijing&tid=&dpid=americas&did=united_states_of_america
1166,http://www.cntour.cn/line/list.aspx?cid=beijing&tid=&dpid=americas&did=canada
1167,http://www.cntour.cn/line/list.aspx?cid=beijing&tid=&dpid=americas&did=columbia
1168,http://www.cntour.cn/line/list.aspx?cid=beijing&tid=&dpid=americas&did=180
1169,http://www.cntour.cn/line/list.aspx?cid=beijing&tid=&dpid=africa
1170,http://www.cntour.cn/line/list.aspx?cid=beijing&tid=&dpid=africa&did=egypt
1171,http://www.cntour.cn/line/list.aspx?cid=beijing&tid=&dpid=africa&did=south_africa
1172,http://www.cntour.cn/line/list.aspx?cid=beijing&tid=&dpid=africa&did=184
1173,http://www.cntour.cn/line/list.aspx?cid=beijing&tid=&dpid=africa&did=turkey
1174,http://www.cntour.cn/line/list.aspx?cid=beijing&tid=&dpid=africa&did=kenya
1175,http://www.cntour.cn/line/list.aspx?cid=beijing&tid=&dpid=africa&did=israel
1176,http://www.cntour.cn/line/show.aspx?id=520
1177,http://www.cntour.cn/line/show.aspx?id=478
1178,http://www.cntour.cn/line/show.aspx?id=476
1179,http://www.cntour.cn/line/show.aspx?id=475
1180,http://www.cntour.cn/line/show.aspx?id=474
1181,http://www.cntour.cn/line/show.aspx?id=473
1182,http://trip.cntour.cn/around/
1183,http://www.cntour.cn/line/list.aspx?cid=beijing&tid=&dpid=shanxi
1184,http://www.cntour.cn/line/list.aspx?cid=beijing&tid=&dpid=shanxi&did=taiyuan
1185,http://www.cntour.cn/line/list.aspx?cid=beijing&tid=&dpid=shanxi&did=48
1186,http://www.cntour.cn/line/list.aspx?cid=beijing&tid=&dpid=shanxi&did=49
1187,http://www.cntour.cn/line/list.aspx?cid=beijing&tid=&dpid=shanxi&did=50
1188,http://www.cntour.cn/line/list.aspx?cid=beijing&tid=&dpid=shanxi&did=51
1189,http://www.cntour.cn/line/list.aspx?cid=beijing&tid=&dpid=shanxi&did=52
1190,http://www.cntour.cn/line/list.aspx?cid=beijing&tid=&dpid=shanxi&did=53
1191,http://www.cntour.cn/line/list.aspx?cid=beijing&tid=&dpid=chengshi
1192,http://www.cntour.cn/line/list.aspx?cid=beijing&tid=&dpid=chengshi&did=beijing
1193,http://www.cntour.cn/line/list.aspx?cid=beijing&tid=&dpid=chengshi&did=tianjin
1194,http://www.cntour.cn/line/list.aspx?cid=beijing&tid=&dpid=chengshi&did=chengde
1195,http://www.cntour.cn/line/list.aspx?cid=beijing&tid=&dpid=chengshi&did=meitougou
1196,http://www.cntour.cn/line/list.aspx?cid=beijing&tid=&dpid=chengshi&did=pingguqu
1197,http://www.cntour.cn/line/list.aspx?cid=beijing&tid=&dpid=chengshi&did=25
1198,http://www.cntour.cn/line/list.aspx?cid=beijing&tid=&dpid=chengshi&did=306
1199,http://www.cntour.cn/line/list.aspx?cid=beijing&tid=&dpid=chengshi&did=ningbo
1200,http://www.cntour.cn/line/list.aspx?cid=beijing&tid=&dpid=chengshi&did=wenzhou
1201,http://www.cntour.cn/line/list.aspx?cid=beijing&tid=&dpid=chengshi&did=jiaxing
1202,http://www.cntour.cn/line/list.aspx?cid=beijing&tid=&dpid=chengshi&did=huzhou
1203,http://www.cntour.cn/line/list.aspx?cid=beijing&tid=&dpid=chengshi&did=shaoxing
1204,http://www.cntour.cn/line/list.aspx?cid=beijing&tid=&dpid=chengshi&did=jinhua
1205,http://www.cntour.cn/line/list.aspx?cid=beijing&tid=&dpid=chengshi&did=quzhou
1206,http://www.cntour.cn/line/list.aspx?cid=beijing&tid=&dpid=chengshi&did=zhoushan
1207,http://www.cntour.cn/line/list.aspx?cid=beijing&tid=&dpid=chengshi&did=taizhou
1208,http://www.cntour.cn/line/list.aspx?cid=beijing&tid=&dpid=chengshi&did=lishui
1209,http://www.cntour.cn/line/list.aspx?cid=beijing&tid=&dpid=haibin
1210,http://www.cntour.cn/line/list.aspx?cid=beijing&tid=&dpid=haibin&did=43
1211,http://www.cntour.cn/line/list.aspx?cid=beijing&tid=&dpid=haibin&did=sanyashi
1212,http://www.cntour.cn/line/list.aspx?cid=beijing&tid=&dpid=haibin&did=sansha
1213,http://www.cntour.cn/line/list.aspx?cid=beijing&tid=&dpid=jiaoyou
1214,http://www.cntour.cn/line/list.aspx?cid=beijing&tid=&dpid=jiaoyou&did=44
1215,http://www.cntour.cn/line/list.aspx?cid=beijing&tid=&dpid=jiaoyou&did=shijingshan
1216,http://www.cntour.cn/line/list.aspx?cid=beijing&tid=&dpid=jiaoyou&did=356
1217,http://www.cntour.cn/line/list.aspx?cid=beijing&tid=&dpid=jiaoyou&did=357
1218,http://www.cntour.cn/line/list.aspx?cid=beijing&tid=&dpid=jiaoyou&did=358
1219,http://www.cntour.cn/line/list.aspx?cid=beijing&tid=&dpid=jiaoyou&did=359
1220,http://www.cntour.cn/line/list.aspx?cid=beijing&tid=&dpid=jiaoyou&did=360
1221,http://www.cntour.cn/line/list.aspx?cid=beijing&tid=&dpid=jiaoyou&did=361
1222,http://www.cntour.cn/line/list.aspx?cid=beijing&tid=&dpid=jiaoyou&did=362
1223,http://www.cntour.cn/line/list.aspx?cid=beijing&tid=&dpid=renwen
1224,http://www.cntour.cn/line/list.aspx?cid=beijing&tid=&dpid=renwen&did=33
1225,http://www.cntour.cn/line/list.aspx?cid=beijing&tid=&dpid=renwen&did=gugong
1226,http://www.cntour.cn/line/list.aspx?cid=beijing&tid=&dpid=renwen&did=35
1227,http://www.cntour.cn/line/list.aspx?cid=beijing&tid=&dpid=renwen&did=badalingchangcheng
1228,http://www.cntour.cn/line/list.aspx?cid=beijing&tid=&dpid=renwen&did=yiheyuan
1229,http://www.cntour.cn/line/list.aspx?cid=beijing&tid=&dpid=renwen&did=38
1230,http://www.cntour.cn/line/list.aspx?cid=beijing&tid=&dpid=renwen&did=39
1231,http://www.cntour.cn/line/list.aspx?cid=beijing&tid=&dpid=renwen&did=40
1232,http://www.cntour.cn/line/list.aspx?cid=beijing&tid=&dpid=zhongguo
1233,http://www.cntour.cn/line/show.aspx?id=491
1234,http://www.cntour.cn/line/show.aspx?id=490
1235,http://www.cntour.cn/line/show.aspx?id=489
1236,http://www.cntour.cn/line/show.aspx?id=488
1237,http://www.cntour.cn/line/show.aspx?id=487
1238,http://www.cntour.cn/line/show.aspx?id=446
1239,http://trip.cntour.cn/package/
1240,http://www.cntour.cn/line/list.aspx?cid=beijing&tid=&dpid=188
1241,http://www.cntour.cn/line/list.aspx?cid=beijing&tid=&dpid=188&did=lijiang
1242,http://www.cntour.cn/line/list.aspx?cid=beijing&tid=&dpid=188&did=guilin
1243,http://www.cntour.cn/line/list.aspx?cid=beijing&tid=&dpid=188&did=sichuan
1244,http://www.cntour.cn/line/list.aspx?cid=beijing&tid=&dpid=188&did=shamen
1245,http://www.cntour.cn/line/list.aspx?cid=beijing&tid=&dpid=188&did=194
1246,http://www.cntour.cn/line/list.aspx?cid=beijing&tid=&dpid=188&did=195
1247,http://www.cntour.cn/line/list.aspx?cid=beijing&tid=&dpid=188&did=jiangmen
1248,http://www.cntour.cn/line/list.aspx?cid=beijing&tid=&dpid=188&did=chaozhou
1249,http://www.cntour.cn/line/list.aspx?cid=beijing&tid=&dpid=188&did=wenzhou
1250,http://www.cntour.cn/line/list.aspx?cid=beijing&tid=&dpid=188&did=jiaxing
1251,http://www.cntour.cn/line/list.aspx?cid=beijing&tid=&dpid=188&did=shaoxing
1252,http://www.cntour.cn/line/list.aspx?cid=beijing&tid=&dpid=188&did=jinhua
1253,http://www.cntour.cn/line/list.aspx?cid=beijing&tid=&dpid=188&did=zhoushan
1254,http://www.cntour.cn/line/list.aspx?cid=beijing&tid=&dpid=188&did=taizhou
1255,http://www.cntour.cn/line/list.aspx?cid=beijing&tid=&dpid=188&did=lishui
1256,http://www.cntour.cn/line/list.aspx?cid=beijing&tid=&dpid=196
1257,http://www.cntour.cn/line/list.aspx?cid=beijing&tid=&dpid=196&did=197
1258,http://www.cntour.cn/line/list.aspx?cid=beijing&tid=&dpid=196&did=singapore
1259,http://www.cntour.cn/line/list.aspx?cid=beijing&tid=&dpid=196&did=philippines
1260,http://www.cntour.cn/line/list.aspx?cid=beijing&tid=&dpid=196&did=maldives
1261,http://www.cntour.cn/line/list.aspx?cid=beijing&tid=&dpid=196&did=taiwan
1262,http://www.cntour.cn/line/list.aspx?cid=beijing&tid=&dpid=196&did=vietnam
1263,http://www.cntour.cn/line/list.aspx?cid=beijing&tid=&dpid=196&did=malaysia
1264,http://www.cntour.cn/line/list.aspx?cid=beijing&tid=&dpid=196&did=south_korea
1265,http://www.cntour.cn/line/list.aspx?cid=beijing&tid=&dpid=196&did=cambodia
1266,http://www.cntour.cn/line/list.aspx?cid=beijing&tid=&dpid=196&did=xianggang
1267,http://www.cntour.cn/line/list.aspx?cid=beijing&tid=&dpid=196&did=fiji
1268,http://www.cntour.cn/line/list.aspx?cid=beijing&tid=&dpid=196&did=208
1269,http://www.cntour.cn/line/list.aspx?cid=beijing&tid=&dpid=196&did=japan
1270,http://www.cntour.cn/line/list.aspx?cid=beijing&tid=&dpid=196&did=210
1271,http://www.cntour.cn/line/list.aspx?cid=beijing&tid=&dpid=196&did=211
1272,http://www.cntour.cn/line/list.aspx?cid=beijing&tid=&dpid=196&did=212
1273,http://www.cntour.cn/line/list.aspx?cid=beijing&tid=&dpid=196&did=mauritius
1274,http://www.cntour.cn/line/list.aspx?cid=beijing&tid=&dpid=196&did=214
1275,http://www.cntour.cn/line/list.aspx?cid=beijing&tid=&dpid=196&did=north_korea
1276,http://www.cntour.cn/line/list.aspx?cid=beijing&tid=&dpid=196&did=thailand
1277,http://www.cntour.cn/line/list.aspx?cid=beijing&tid=&dpid=196&did=qatar
1278,http://www.cntour.cn/line/list.aspx?cid=beijing&tid=&dpid=196&did=yemen
1279,http://www.cntour.cn/line/list.aspx?cid=beijing&tid=&dpid=196&did=montenegro
1280,http://www.cntour.cn/line/list.aspx?cid=beijing&tid=&dpid=196&did=malta
1281,http://www.cntour.cn/line/list.aspx?cid=beijing&tid=&dpid=196&did=albania
1282,http://www.cntour.cn/line/list.aspx?cid=beijing&tid=&dpid=196&did=barbados
1283,http://www.cntour.cn/line/list.aspx?cid=beijing&tid=&dpid=196&did=haiti
1284,http://www.cntour.cn/line/list.aspx?cid=beijing&tid=&dpid=196&did=antigua_and_barbuda
1285,http://www.cntour.cn/line/show.aspx?id=524
1286,http://www.cntour.cn/line/show.aspx?id=513
1287,http://www.cntour.cn/line/show.aspx?id=497
1288,http://www.cntour.cn/line/show.aspx?id=492
1289,http://www.cntour.cn/line/show.aspx?id=481
1290,http://www.cntour.cn/line/show.aspx?id=480
1291,http://trip.cntour.cn/Special.aspx?cid=237
1292,http://www.cntour.cn/line/list.aspx?cid=beijing&tid=&dpid=qinzi
1293,http://www.cntour.cn/line/list.aspx?cid=beijing&tid=&dpid=qinzi&did=sanyashi
1294,http://www.cntour.cn/line/list.aspx?cid=beijing&tid=&dpid=qinzi&did=sansha
1295,http://www.cntour.cn/line/show.aspx?id=495
1296,http://www.cntour.cn/line/show.aspx?id=494
1297,http://www.cntour.cn/line/show.aspx?id=462
1298,http://www.cntour.cn/line/show.aspx?id=506
1299,http://www.cntour.cn/line/show.aspx?id=496
1300,http://trip.cntour.cn/team/
1301,http://www.cntour.cn/line/list.aspx?cid=beijing&tid=&dpid=215
1302,http://www.cntour.cn/line/list.aspx?cid=beijing&tid=&dpid=215&did=meitougou
1303,http://www.cntour.cn/line/list.aspx?cid=beijing&tid=&dpid=215&did=217
1304,http://www.cntour.cn/line/list.aspx?cid=beijing&tid=&dpid=215&did=218
1305,http://www.cntour.cn/line/list.aspx?cid=beijing&tid=&dpid=215&did=219
1306,http://www.cntour.cn/line/list.aspx?cid=beijing&tid=&dpid=220
1307,http://www.cntour.cn/line/list.aspx?cid=beijing&tid=&dpid=220&did=kunming
1308,http://www.cntour.cn/line/list.aspx?cid=beijing&tid=&dpid=220&did=dali
1309,http://www.cntour.cn/line/list.aspx?cid=beijing&tid=&dpid=220&did=lijiang
1310,http://www.cntour.cn/line/list.aspx?cid=beijing&tid=&dpid=220&did=224
1311,http://www.cntour.cn/line/list.aspx?cid=beijing&tid=&dpid=220&did=luguhu
1312,http://www.cntour.cn/line/list.aspx?cid=beijing&tid=&dpid=220&did=226
1313,http://www.cntour.cn/line/list.aspx?cid=beijing&tid=&dpid=220&did=227
1314,http://www.cntour.cn/line/list.aspx?cid=beijing&tid=&dpid=220&did=228
1315,http://www.cntour.cn/line/list.aspx?cid=beijing&tid=&dpid=229
1316,http://www.cntour.cn/line/list.aspx?cid=beijing&tid=&dpid=232
1317,http://www.cntour.cn/line/list.aspx?cid=beijing&tid=&dpid=232&did=tianjin
1318,http://www.cntour.cn/line/list.aspx?cid=beijing&tid=&dpid=232&did=234
1319,http://www.cntour.cn/line/list.aspx?cid=beijing&tid=&dpid=232&did=jinan
1320,http://www.cntour.cn/line/list.aspx?cid=beijing&tid=&dpid=236
1321,http://www.cntour.cn/line/list.aspx?cid=beijing&tid=&dpid=236&did=237
1322,http://www.cntour.cn/line/list.aspx?cid=beijing&tid=&dpid=236&did=238
1323,http://www.cntour.cn/line/list.aspx?cid=beijing&tid=&dpid=236&did=239
1324,http://www.cntour.cn/line/list.aspx?cid=beijing&tid=&dpid=236&did=taishan
1325,http://www.cntour.cn/line/list.aspx?cid=beijing&tid=&dpid=236&did=241
1326,http://www.cntour.cn/line/list.aspx?cid=beijing&tid=&dpid=236&did=242
1327,http://www.cntour.cn/line/list.aspx?cid=beijing&tid=&dpid=236&did=243
1328,http://www.cntour.cn/line/list.aspx?cid=beijing&tid=&dpid=236&did=244
1329,http://www.cntour.cn/line/list.aspx?cid=beijing&tid=&dpid=236&did=chengde
1330,http://www.cntour.cn/line/list.aspx?cid=beijing&tid=&dpid=236&did=246
1331,http://www.cntour.cn/line/list.aspx?cid=beijing&tid=&dpid=247
1332,http://www.cntour.cn/line/list.aspx?cid=beijing&tid=&dpid=247&did=248
1333,http://www.cntour.cn/line/list.aspx?cid=beijing&tid=&dpid=247&did=249
1334,http://www.cntour.cn/line/list.aspx?cid=beijing&tid=&dpid=247&did=250
1335,http://www.cntour.cn/line/list.aspx?cid=beijing&tid=&dpid=247&did=251
1336,http://www.cntour.cn/line/list.aspx?cid=beijing&tid=&dpid=247&did=252
1337,http://www.cntour.cn/line/list.aspx?cid=beijing&tid=&dpid=253
1338,http://www.cntour.cn/line/list.aspx?cid=beijing&tid=&dpid=253&did=254
1339,http://www.cntour.cn/line/list.aspx?cid=beijing&tid=&dpid=253&did=255
1340,http://www.cntour.cn/line/list.aspx?cid=beijing&tid=&dpid=253&did=256
1341,http://www.cntour.cn/line/list.aspx?cid=beijing&tid=&dpid=253&did=shamen
1342,http://www.cntour.cn/line/list.aspx?cid=beijing&tid=&dpid=258
1343,http://www.cntour.cn/line/list.aspx?cid=beijing&tid=&dpid=258&did=kaifeng
1344,http://www.cntour.cn/line/list.aspx?cid=beijing&tid=&dpid=258&did=luoyang
1345,http://www.cntour.cn/line/list.aspx?cid=beijing&tid=&dpid=258&did=261
1346,http://www.cntour.cn/line/list.aspx?cid=beijing&tid=&dpid=262
1347,http://www.cntour.cn/line/list.aspx?cid=beijing&tid=&dpid=262&did=lasa
1348,http://www.cntour.cn/line/list.aspx?cid=beijing&tid=&dpid=262&did=264
1349,http://www.cntour.cn/line/list.aspx?cid=beijing&tid=&dpid=262&did=rikaze
1350,http://www.cntour.cn/line/list.aspx?cid=beijing&tid=&dpid=266
1351,http://www.cntour.cn/line/list.aspx?cid=beijing&tid=&dpid=266&did=guilin
1352,http://www.cntour.cn/line/list.aspx?cid=beijing&tid=&dpid=266&did=nanning
1353,http://www.cntour.cn/line/list.aspx?cid=beijing&tid=&dpid=266&did=beihai
1354,http://www.cntour.cn/line/list.aspx?cid=beijing&tid=&dpid=270
1355,http://www.cntour.cn/line/list.aspx?cid=beijing&tid=&dpid=270&did=271
1356,http://www.cntour.cn/line/list.aspx?cid=beijing&tid=&dpid=272
1357,http://www.cntour.cn/line/list.aspx?cid=beijing&tid=&dpid=272&did=273
1358,http://www.cntour.cn/line/list.aspx?cid=beijing&tid=&dpid=272&did=haerbin
1359,http://www.cntour.cn/line/list.aspx?cid=beijing&tid=&dpid=272&did=dalian
1360,http://www.cntour.cn/line/list.aspx?cid=beijing&tid=&dpid=276
1361,http://www.cntour.cn/line/list.aspx?cid=beijing&tid=&dpid=276&did=277
1362,http://www.cntour.cn/line/list.aspx?cid=beijing&tid=&dpid=276&did=278
1363,http://www.cntour.cn/line/list.aspx?cid=beijing&tid=&dpid=279
1364,http://www.cntour.cn/line/list.aspx?cid=beijing&tid=&dpid=279&did=280
1365,http://www.cntour.cn/line/list.aspx?cid=beijing&tid=&dpid=279&did=dalian
1366,http://www.cntour.cn/line/list.aspx?cid=beijing&tid=&dpid=279&did=282
1367,http://www.cntour.cn/line/list.aspx?cid=beijing&tid=&dpid=279&did=weihai
1368,http://www.cntour.cn/line/list.aspx?cid=beijing&tid=&dpid=279&did=284
1369,http://www.cntour.cn/line/list.aspx?cid=beijing&tid=&dpid=279&did=285
1370,http://www.cntour.cn/line/search.aspx?cid=237&topics=1
1371,http://www.cntour.cn/line/search.aspx?cid=237&topics=2
1372,http://www.cntour.cn/line/search.aspx?cid=237&topics=3
1373,http://www.cntour.cn/line/search.aspx?cid=237&topics=4
1374,http://www.cntour.cn/line/search.aspx?cid=237&topics=5
1375,http://www.cntour.cn/line/search.aspx?cid=237&topics=6
1376,http://www.cntour.cn/line/search.aspx?cid=237&topics=7
1377,http://www.cntour.cn/line/search.aspx?cid=237&topics=8
1378,http://www.cntour.cn/line/search.aspx?cid=237&topics=226
1379,http://www.cntour.cn/line/search.aspx?cid=237&topics=227
1380,http://www.cntour.cn
1381,http://www.cntour.cn/help/16/
1382,http://www.cntour.cn/help/15/
1383,http://www.cntour.cn/help/14/
1384,http://www.cntour.cn/help/28/
1385,http://www.cntour.cn/help/1/
1386,http://www.cntour.cn/help/2/
1387,http://www.cntour.cn/help/3/
1388,http://www.cntour.cn/help/54/
1389,http://www.cntour.cn/help/53/
1390,http://www.cntour.cn/help/52/
1391,http://www.cntour.cn/help/51/
1392,http://www.cntour.cn/help/26/
1393,http://www.cntour.cn/help/4/
1394,http://www.cntour.cn/help/5/
1395,http://www.cntour.cn/help/6/
1396,http://www.cntour.cn/help/25/
1397,http://www.cntour.cn/help/7/
1398,http://www.cntour.cn/help/8/
1399,http://www.cntour.cn/help/9/
1400,http://weibo.com/cntourcn
1401,http://cntour.cn/
1402,http://www.cntour.cn/help/59/
1403,http://exmail.qq.com/cgi-bin/loginpage?t=logindomain&s=logout&f=biz&param=@cntour.cn
1404,http://www.cntour.cn/about-1/
1405,http://www.cntour.cn/about-7/
1406,http://www.cntour.cn/about-8/
1407,http://www.cntour.cn/about-3/
1408,http://www.cntour.cn/about-6/
1409,http://www.cntour.cn/
1410,http://www.cntour.cn/about-2/
1411,http://www.cntour.cn/help/
1412,http://www.cntour.cn/link/
1413,http://www.cntour.cn/about-10/
1414,http://www.cntour.cn/sitemap/
1415,http://ucomplain.12301.cn/view/complaintsheetnewest
1416,http://www.cntour.cn
1417,http://www.cntour.cn
1418,http://js.users.51.la/17240319.js
1419,http://www.51.la/?17240319
1420,http://img.users.51.la/17240319.asp
1421,https://hm.baidu.com/hm.js?06350c6ad4283096ae81ad0aca67c0b7
1422,http://js.users.51.la/17240319.js
1423,http://www.51.la/?17240319
1424,http://img.users.51.la/17240319.asp
1425,http://flight.cntour.cn/
